p,a,total_time,poa
0,0,2004.1394142079998,1.402299013401067
0,1,2004.1394142079998,1.402299013401067
0,2,2004.1394142079998,1.402299013401067
0,3,2004.1394142079998,1.402299013401067
0,4,2004.1394142079998,1.402299013401067
0,5,2004.1394142079998,1.402299013401067
0,6,2004.1394142079998,1.402299013401067
0,7,2004.1394142079998,1.402299013401067
0,8,2004.1394142079998,1.402299013401067
0,9,2004.1394142079998,1.402299013401067
0,10,2004.1394142079998,1.402299013401067
0,11,2004.1394142079998,1.402299013401067
0,12,2004.1394142079998,1.402299013401067
0,13,2004.1394142079998,1.402299013401067
0,14,2004.1394142079998,1.402299013401067
0,15,2004.1394142079998,1.402299013401067
0,16,2004.1394142079998,1.402299013401067
0,17,2004.1394142079998,1.402299013401067
0,18,2004.1394142079998,1.402299013401067
0,19,2004.1394142079998,1.402299013401067
0,20,2004.1394142079998,1.402299013401067
0,21,2004.1394142079998,1.402299013401067
0,22,2004.1394142079998,1.402299013401067
0,23,2004.1394142079998,1.402299013401067
0,24,2004.1394142079998,1.402299013401067
0,25,2004.1394142079998,1.402299013401067
0,26,2004.1394142079998,1.402299013401067
0,27,2004.1394142079998,1.402299013401067
0,28,2004.1394142079998,1.402299013401067
0,29,2004.1394142079998,1.402299013401067
0,30,2004.1394142079998,1.402299013401067
0,31,2004.1394142079998,1.402299013401067
0,32,2004.1394142079998,1.402299013401067
0,33,2004.1394142079998,1.402299013401067
0,34,2004.1394142079998,1.402299013401067
0,35,2004.1394142079998,1.402299013401067
0,36,2004.1394142079998,1.402299013401067
0,37,2004.1394142079998,1.402299013401067
0,38,2004.1394142079998,1.402299013401067
0,39,2004.1394142079998,1.402299013401067
0,40,2004.1394142079998,1.402299013401067
1,0,2004.1394142079998,1.402299013401067
1,1,2004.1394142079998,1.402299013401067
1,2,2004.1394142079998,1.402299013401067
1,3,2004.1394142079998,1.402299013401067
1,4,2004.1394142079998,1.402299013401067
1,5,2004.1394142079994,1.4022990134010667
1,6,2004.1394142079944,1.4022990134010633
1,7,2004.1394142079605,1.4022990134010396
1,8,2004.1394142078104,1.4022990134009345
1,9,2004.1394142071754,1.4022990134004902
1,10,2004.1394142053794,1.4022990133992335
1,11,2004.1394142016645,1.4022990133966342
1,12,2004.1394141932146,1.4022990133907218
1,13,2004.139414174627,1.402299013377716
1,14,2004.139414135012,1.4022990133499973
1,15,2004.1394140792988,1.4022990133110147
1,16,2004.139413984699,1.4022990132448232
1,17,2004.1394138265457,1.402299013134163
1,18,2004.139413667434,1.4022990130228323
1,19,2004.1394133070633,1.4022990127706805
1,20,2004.139412951446,1.4022990125218546
1,21,2004.1394124661274,1.4022990121822765
1,22,2004.1394118077153,1.4022990117215848
1,23,2004.1394109196267,1.402299011100188
1,24,2004.1394097284951,1.4022990102667516
1,25,2004.1394081397118,1.4022990091550778
1,26,2004.1394060319326,1.402299007680262
1,27,2004.139403250339,1.4022990057339773
1,28,2004.1394015473409,1.402299004542387
1,29,2004.1393973708705,1.4022990016201053
1,30,2004.1393948280102,1.4022989998408626
1,31,2004.1393886272308,1.402298995502169
1,32,2004.1393848720736,1.4022989928746805
1,33,2004.1393806060553,1.4022989898897418
1,34,2004.139370279019,1.4022989826639007
1,35,2004.139364068017,1.4022989783180544
1,36,2004.1393570446699,1.402298973403809
1,37,2004.1393491116846,1.4022989678530888
1,38,2004.1393401612454,1.4022989615904544
1,39,2004.1393300740087,1.4022989545324016
1,40,2004.1393187180145,1.4022989465865974
2,0,2004.1394142079998,1.402299013401067
2,1,2004.1394142079996,1.4022990134010669
2,2,2004.1394141996384,1.4022990133952165
2,3,2004.1394112440057,1.4022990113271565
2,4,2004.139307699381,1.402298938876845
2,5,2004.1382059852544,1.4022981680060054
2,6,2004.1317977003591,1.4022936841205418
2,7,2004.1130311467805,1.4022805531380453
2,8,2004.071194928432,1.4022512802804294
2,9,2003.9789371534464,1.4021867273925797
2,10,2003.832797010607,1.402084472940285
2,11,2003.6445517455484,1.4019527574779784
2,12,2003.3662333279606,1.40175801771106
2,13,2002.9674952361254,1.4014790201379261
2,14,2002.4128600210122,1.4010909411403092
2,15,2001.8707287189857,1.4007116111473077
2,16,2001.2004913468475,1.4002426451666823
2,17,2000.3834634005634,1.3996709696261123
2,18,1999.7479035133902,1.399226267527834
2,19,1998.6444272201409,1.3984541636979482
2,20,1997.8008656677707,1.397863922557913
2,21,1996.8650023771872,1.397209097768899
2,22,1995.8320414538252,1.3964863336371007
2,23,1994.6975441584607,1.3956925243707805
2,24,1993.4574870419503,1.394824854757222
2,25,1992.1083143857402,1.393880836855424
2,26,1990.6469838922142,1.392858341965699
2,27,1989.0710047547389,1.3917556272673326
2,28,1988.2394018735756,1.3911737536254445
2,29,1986.4880570520336,1.3899483353247202
2,30,1985.5680647602096,1.389304615494645
2,31,1983.6391039427751,1.3879549190453853
2,32,1982.6301167103718,1.3872489293370334
2,33,1981.591509810562,1.386522214708006
2,34,1979.425819163201,1.385006878081923
2,35,1978.2990194636338,1.3842184548336192
2,36,1977.1431668288978,1.3834097032079404
2,37,1975.9584929872476,1.382580785345455
2,38,1974.7452639350236,1.3817318873641558
2,39,1973.5037788840348,1.3808632186229437
2,40,1972.2343691185467,1.3799750109218596
3,0,2004.1394142079998,1.402299013401067
3,1,2004.1394138515548,1.402299013151662
3,2,2004.1372216814295,1.40229747928731
3,3,2004.0033235589576,1.402203790592947
3,4,2002.8556305947004,1.4014007482995539
3,5,1999.1186110710705,1.3987859507690548
3,6,1991.413252067398,1.3933945008269253
3,7,1981.63709205514,1.3865541086651567
3,8,1970.5064591919868,1.37876599004832
3,9,1957.0910018746374,1.3693791767223231
3,10,1944.4878717172296,1.360560749790441
3,11,1933.6951344671388,1.3530090571834275
3,12,1922.4431232982613,1.345136010004656
3,13,1910.8781533866154,1.3370439851773699
3,14,1899.1276319766462,1.328822129719944
3,15,1890.2572848527109,1.3226155360407639
3,16,1881.3787022841093,1.3164031800099985
3,17,1872.5216382414467,1.3102058805204495
3,18,1866.6408700507423,1.3060910991966543
3,19,1857.870030059818,1.2999541307907752
3,20,1852.0630972602842,1.2958910121883747
3,21,1846.2927791415698,1.291853512926837
3,22,1840.5620760759516,1.287843732370634
3,23,1834.873419750997,1.2838633719747912
3,24,1829.2287566127736,1.2799137936702099
3,25,1823.62962284481,1.2759960723265482
3,26,1818.0772107755683,1.2721110422176172
3,27,1812.5724269307955,1.268259337640687
3,28,1809.8381132259553,1.266346134705081
3,29,1804.4059678533183,1.2625452553637053
3,30,1801.7082345715098,1.2606576477987423
3,31,1796.3496255684693,1.2569082219529684
3,32,1793.6887982572591,1.255046437544714
3,33,1791.0403103783146,1.253193287053626
3,34,1785.7803831397907,1.24951290896972
3,35,1783.1689469651187,1.2476856836053858
3,36,1780.569857645176,1.2458670973517256
3,37,1777.983107123578,1.2440571445716768
3,38,1775.408684256925,1.242255817468187
3,39,1772.846575176336,1.2404631063371825
3,40,1770.2967636109859,1.2386789997939447
4,0,2004.1394142079998,1.402299013401067
4,1,2004.1364784107307,1.4022969592198136
4,2,2002.5972876064766,1.4012199853671266
4,3,1987.066642876015,1.390353172595214
4,4,1954.3141806949463,1.3674362312500339
4,5,1917.126003251122,1.341415614036502
4,6,1881.2841530616308,1.3163370237932903
4,7,1853.693319268849,1.2970316806957791
4,8,1830.7175225151418,1.2809554851519878
4,9,1808.4998305914794,1.2654097365659729
4,10,1790.5927666024925,1.2528801400785003
4,11,1776.667042271357,1.2431362922443596
4,12,1763.094183258888,1.233639344742961
4,13,1749.8702648576498,1.2243865514512924
4,14,1736.990760925927,1.215374745421976
4,15,1727.55429012792,1.208772034255167
4,16,1718.3068272843016,1.2023015722054031
4,17,1709.2463238624384,1.1959619259116763
4,18,1703.3088451686467,1.1918074641734522
4,19,1694.5554049865443,1.1856826704369454
4,20,1688.8207551048904,1.1816701282883135
4,21,1683.166190229514,1.1777136217250783
4,22,1677.591116467894,1.1738127351998524
4,23,1672.0949427746593,1.1699670551574042
4,24,1666.6770809860743,1.1661761700587852
4,25,1661.3369458381862,1.1624396703940294
4,26,1656.073954974907,1.1587571486878079
4,27,1650.88752894994,1.1551281995007758
4,28,1648.322847470105,1.1533336884585976
4,29,1643.2501886009197,1.1497843423017637
4,30,1640.7420681655515,1.148029407097619
4,31,1635.7818890357687,1.1445587631640302
4,32,1633.3296883805365,1.1428429551044135
4,33,1630.8959859919212,1.1411400903065492
4,34,1626.0837940758609,1.1377729932232084
4,35,1623.7051640286306,1.1361086626158514
4,36,1621.344751207999,1.1344570786261723
4,37,1619.0024858026195,1.1328181924070788
4,38,1616.6782981801555,1.131191955236733
4,39,1614.3721188870536,1.129578318518391
4,40,1612.0838786483148,1.1279772337802436
5,0,2004.1394142079998,1.402299013401067
5,1,2003.3655767621244,1.4017575583110713
5,2,1968.8596210586818,1.3776136952163374
5,3,1898.2992690766916,1.3282425230972166
5,4,1838.85890201383,1.2866520192143378
5,5,1792.792533117661,1.2544193196346054
5,6,1754.321068464162,1.2275007846538366
5,7,1726.3002467364493,1.2078945784264186
5,8,1703.5640634365798,1.1919860407349365
5,9,1681.9770676949843,1.1768815911062687
5,10,1664.842978661595,1.1648928462231973
5,11,1651.682447776706,1.1556844052610167
5,12,1638.9980834016212,1.1468091386389934
5,13,1626.7809372616744,1.138260785237444
5,14,1615.0221741150056,1.130033163025889
5,15,1606.4986640081022,1.1240692516687802
5,16,1598.224446647748,1.118279770777963
5,17,1590.19591841989,1.1126621988998924
5,18,1584.9782965028278,1.1090114219056744
5,19,1577.351337032,1.103674828220939
5,20,1572.3981626704062,1.1002090855329678
5,21,1567.5489559038124,1.0968160891094831
5,22,1562.802691836125,1.0934951218293254
5,23,1558.15835234375,1.0902454713100622
5,24,1553.6149260530938,1.0870664298922448
5,25,1549.1714083180625,1.0839572946236653
5,26,1544.8268011975624,1.080917367243613
5,27,1540.580113433,1.0779459541671321
5,28,1538.4931813625938,1.0764857250220843
5,29,1534.3915285846717,1.073615793118636
5,30,1532.3765642148126,1.0722059198693699
5,31,1528.417753454,1.0694359347152567
5,32,1526.473665875,1.068075654050813
5,33,1524.55296338975,1.0667317359675654
5,34,1520.7812358384688,1.0640926531839612
5,35,1518.9299728637657,1.06279732201859
5,36,1517.1016191640624,1.0615180205034032
5,37,1515.296056804203,1.060254666119015
5,38,1513.5131682554374,1.0590071766304028
5,39,1511.7528363947188,1.0577754700864148
5,40,1510.014944504,1.0565594648192782
6,0,2004.1394142079998,1.402299013401067
6,1,1985.9319764441204,1.3895592449838388
6,2,1880.8921970183121,1.316062771628523
6,3,1795.004331937697,1.255966918210428
6,4,1734.4568566999208,1.2136017692652323
6,5,1689.2743627230084,1.181987518141958
6,6,1652.4821404402721,1.1562439512812148
6,7,1626.2814070756067,1.1379112633019337
6,8,1605.4368525242344,1.1233263007614283
6,9,1586.0278985672278,1.1097458298659877
6,10,1570.9146699813787,1.099171083725577
6,11,1559.4982740196292,1.0911830162886198
6,12,1548.6658687656236,1.083603567926513
6,13,1538.4035812879315,1.076423031730685
6,14,1528.697760513734,1.0696318560273306
6,15,1521.775488394344,1.064788333019551
6,16,1515.1530838299823,1.0601546277388147
6,17,1508.8250299106332,1.0557268799958472
6,18,1504.7671619251703,1.0528875843699113
6,19,1498.9176176926592,1.0487946504911883
6,20,1495.1737877178332,1.0461750876789302
6,21,1491.5528235726536,1.0436414942510734
6,22,1488.0531740088836,1.0411927847971638
6,23,1484.673300916616,1.0388278830996536
6,24,1481.411679268286,1.0365457220947276
6,25,1478.266797062684,1.0343452438331286
6,26,1475.2371552689683,1.0322253994409833
6,27,1472.3212677706783,1.0301851490806277
6,28,1470.9055209884218,1.029194549174299
6,29,1468.1575065773334,1.0272717598363108
6,30,1466.8248754305127,1.0263393160506311
6,31,1464.241462423735,1.0245316985341404
6,32,1462.9903218099496,1.0236562737827986
6,33,1461.765987270603,1.0227996052773909
6,34,1459.3970275867532,1.0211420410361514
6,35,1458.2520499916477,1.0203408986901648
6,36,1457.1331735662775,1.0195580193673537
6,37,1456.040224041103,1.0187932811310894
6,38,1454.9730279257396,1.0180465625899189
6,39,1453.931412507208,1.0173177428963411
6,40,1452.9152058481857,1.0166067017455827
7,0,2004.1394142079998,1.402299013401067
7,1,1923.1776296722148,1.3456499450913222
7,2,1792.7698846797236,1.2544034724924609
7,3,1707.054230642756,1.1944281153706273
7,4,1648.7583046206594,1.1536383784059496
7,5,1606.6155949697968,1.124151068418183
7,6,1573.3559228780373,1.1008792316239604
7,7,1550.3690486090725,1.0847952851280116
7,8,1532.5729094496664,1.072343302891314
7,9,1516.459801262137,1.0610689396638806
7,10,1504.2665932909729,1.0525373358308634
7,11,1495.2911181140819,1.0462571839132215
7,12,1486.9864391898489,1.040446389025648
7,13,1479.332915084403,1.0350912080307424
7,14,1472.3112921503441,1.0301781691258136
7,15,1467.4483944445278,1.0267755931339475
7,16,1462.9224989276588,1.023608818021863
7,17,1458.725904727245,1.0206724554788358
7,18,1456.107371164971,1.018840264062958
7,19,1452.4428206327743,1.0162761731821404
7,20,1450.1720948557956,1.0146873433361787
7,21,1448.0366919326327,1.0131931990709961
7,22,1446.0344745308328,1.0117922448922332
7,23,1444.1633279814619,1.0104830011632242
7,24,1442.4211601580957,1.0092640040203278
7,25,1440.8059013558075,1.0081338052882545
7,26,1439.3155041701589,1.0070909723953956
7,27,1437.9479433761887,1.006134088289153
7,28,1437.309599778204,1.0056874384247179
7,29,1436.1225444947586,1.0048568542642413
7,30,1435.573340234767,1.0044725753131454
7,31,1434.562357245688,1.0037651891711932
7,32,1434.100094089203,1.0034417430258427
7,33,1433.6663291230125,1.0031382371021407
7,34,1432.8833397240112,1.0025903783783718
7,35,1432.5336416207626,1.0023456941504696
7,36,1432.2114943593706,1.002120287283254
7,37,1431.9166644359136,1.0019139943937205
7,38,1431.6489196721823,1.0017266530264675
7,39,1431.4080292118979,1.0015581016510493
7,40,1431.193763516931,1.0014081796593317
8,0,2004.1394142079998,1.402299013401067
8,1,1848.2228591235628,1.2932039924570264
8,2,1716.3892960822961,1.2009598730732594
8,3,1633.7884489094251,1.1431639504565767
8,4,1579.8734249785437,1.1054395365112286
8,5,1542.452120193098,1.079255799786731
8,6,1514.1470600485063,1.0594507115610177
8,7,1495.4109955069987,1.0463410622844689
8,8,1481.499251540246,1.0366069965298792
8,9,1469.4659302724372,1.028187265635831
8,10,1460.8043193065384,1.0221267249240247
8,11,1454.7307325889656,1.0178770282205525
8,12,1449.3889246635847,1.0141393581111606
8,13,1444.7529383419928,1.010895552316603
8,14,1440.797438346212,1.0081278837091856
8,15,1438.262488438245,1.0063541758873833
8,16,1436.086189338147,1.0048314165128118
8,17,1434.2585264630443,1.0035525983685167
8,18,1433.2289112100243,1.0028321752067062
8,19,1431.9605650163455,1.0019447116882316
8,20,1431.2949401407016,1.0014789730775375
8,21,1430.7700248432848,1.0011116891458567
8,22,1430.3830809869048,1.000840944014956
8,23,1430.131406236688,1.00066484685753
8,24,1430.012333824148,1.000581531732123
8,25,1430.023232311256,1.000589157418046
8,26,1430.161505354511,1.0006859072502994
8,27,1430.4245914690111,1.0008699889544899
8,28,1430.6021484375333,1.0009942258014957
8,29,1431.0477270472843,1.0013059977473078
8,30,1431.3151298495504,1.001493099843669
8,31,1431.9376313154103,1.001928664947188
8,32,1432.2921238802396,1.0021767038662344
8,33,1432.6750437802975,1.0024446334295452
8,34,1433.5249765133576,1.0030393324931821
8,35,1433.9914000280876,1.0033656896467293
8,36,1434.4850722267568,1.0037111127406666
8,37,1435.005703635151,1.0040753992295013
8,38,1435.5530068397527,1.0044583480096128
8,39,1436.1266964803708,1.0048597594140958
8,40,1436.7264892427647,1.0052794352075998
9,0,2004.1394142079998,1.402299013401067
9,1,1780.4196641653755,1.2457620067741688
9,2,1650.9947709927412,1.1552032369007437
9,3,1573.8307250416492,1.101211451329273
9,4,1526.0077712007937,1.0677496669276834
9,5,1494.6022123325592,1.0457751556217232
9,6,1472.297657582599,1.0301686290006298
9,7,1458.5405861920372,1.020542787853298
9,8,1449.074535679928,1.013919379721194
9,9,1441.622091014165,1.0087048942776475
9,10,1436.8624878658075,1.0053745936250056
9,11,1433.9557275030309,1.0033407295335068
9,12,1431.81353046776,1.001841831419047
9,13,1430.4034355065319,1.0008551860994082
9,14,1429.6939140566471,1.0003587329973402
9,15,1429.6030766508104,1.0002951739436727
9,16,1429.8764969495037,1.0004864864902865
9,17,1430.5018797286123,1.0009240676525175
9,18,1431.1083914428739,1.0013484447055787
9,19,1432.2938147844607,1.0021778869941664
9,20,1433.262874419519,1.002855939309557
9,21,1434.3710319787888,1.0036313186275028
9,22,1435.6149839203663,1.0045017134553407
9,23,1436.991479468534,1.0054648492209777
9,24,1438.4973201886078,1.0065184879754119
9,25,1440.1293595617844,1.0076604280952521
9,26,1441.8845025599892,1.0088885039852384
9,27,1443.7597052207216,1.0102005857807612
9,28,1444.7413915448703,1.0108874730073005
9,29,1446.7910869293785,1.012321647593705
9,30,1447.8583664567298,1.013068424498354
9,31,1450.0759886085061,1.0146200976671398
9,32,1451.2256202516428,1.0154244964567232
9,33,1452.4019967255067,1.016247608639934
9,34,1454.8335957958154,1.0179490017431818
9,35,1456.0881317745889,1.0188268022359213
9,36,1457.3680393221748,1.0197223552491
9,37,1458.67298263708,1.0206354258219668
9,38,1460.002628896833,1.0215657810781957
9,39,1461.3566482446981,1.0225131902165903
9,40,1462.7347137763904,1.0234774245017875
10,0,2004.1394142079998,1.402299013401067
10,1,1720.0355394513124,1.203511154407653
10,2,1595.702558144,1.1165152020380629
10,3,1525.8921658799375,1.0676687777309382
10,4,1485.4981072626874,1.0394050011968992
10,5,1461.0613081908125,1.0223065403881175
10,6,1445.4769379059999,1.0114021357743765
10,7,1437.1632330078123,1.0055850254008236
10,8,1432.4725392966875,1.002302940773055
10,9,1429.8666142705624,1.0004795715666885
10,10,1429.181219594,1.0
10,11,1429.546882142,1.0002558545711255
10,12,1430.68143125,1.0010497000908158
10,13,1432.546110758,1.0023544188223772
10,14,1435.103489306,1.0041438199934383
10,15,1437.4543244560623,1.0057887024742829
10,16,1440.1596846080001,1.0076816465704181
10,17,1443.2051998049376,1.0098125976039074
10,18,1445.4176003845625,1.0113606172317147
10,19,1448.9991741439999,1.0138666491542827
10,20,1451.556444458,1.0156559745938702
10,21,1454.244848192,1.0175370542618243
10,22,1457.060603006,1.0195072416498168
10,23,1460.0,1.0215639416355857
10,24,1463.059402994,1.023704609979149
10,25,1466.235247808,1.0259267528190206
10,26,1469.524041542,1.0282279261684257
10,27,1472.922361856,1.0306057354115148
10,28,1474.6615441158124,1.0318226435516222
10,29,1478.2178899904375,1.0343110234896369
10,30,1480.0342413439998,1.0355819269472673
10,31,1483.741302158,1.0381757623287966
10,32,1485.6312248046875,1.039498143718068
10,33,1487.544891392,1.0408371387741717
10,34,1491.441928706,1.0435639009653983
10,35,1493.4245459189374,1.0449511408659482
10,36,1495.4294,1.0463539399326978
10,37,1497.4561244185625,1.0477720417036813
10,38,1499.504356694,1.049205192550723
10,39,1501.5737383731876,1.0506531416636953
10,40,1503.663915008,1.0521156410347732
