p,a_index,total_time,poa
0,0,2004.1394142079998,1.402299013401067
0,1,2004.1394142079998,1.402299013401067
0,2,2004.1394142079998,1.402299013401067
0,3,2004.1394142079998,1.402299013401067
0,4,2004.1394142079998,1.402299013401067
0,5,2004.1394142079998,1.402299013401067
0,6,2004.1394142079998,1.402299013401067
0,7,2004.1394142079998,1.402299013401067
0,8,2004.1394142079998,1.402299013401067
0,9,2004.1394142079998,1.402299013401067
0,10,2004.1394142079998,1.402299013401067
0,11,2004.1394142079998,1.402299013401067
0,12,2004.1394142079998,1.402299013401067
0,13,2004.1394142079998,1.402299013401067
0,14,2004.1394142079998,1.402299013401067
0,15,2004.1394142079998,1.402299013401067
0,16,2004.1394142079998,1.402299013401067
0,17,2004.1394142079998,1.402299013401067
0,18,2004.1394142079998,1.402299013401067
0,19,2004.1394142079998,1.402299013401067
0,20,2004.1394142079998,1.402299013401067
0,21,2004.1394142079998,1.402299013401067
0,22,2004.1394142079998,1.402299013401067
0,23,2004.1394142079998,1.402299013401067
0,24,2004.1394142079998,1.402299013401067
0,25,2004.1394142079998,1.402299013401067
0,26,2004.1394142079998,1.402299013401067
0,27,2004.1394142079998,1.402299013401067
0,28,2004.1394142079998,1.402299013401067
0,29,2004.1394142079998,1.402299013401067
0,30,2004.1394142079998,1.402299013401067
0,31,2004.1394142079998,1.402299013401067
0,32,2004.1394142079998,1.402299013401067
0,33,2004.1394142079998,1.402299013401067
0,34,2004.1394142079998,1.402299013401067
0,35,2004.1394142079998,1.402299013401067
0,36,2004.1394142079998,1.402299013401067
0,37,2004.1394142079998,1.402299013401067
0,38,2004.1394142079998,1.402299013401067
0,39,2004.1394142079998,1.402299013401067
0,40,2004.1394142079998,1.402299013401067
1,0,2004.1394142079998,1.402299013401067
1,1,2004.1394142053794,1.4022990133992335
1,2,2004.139412951446,1.4022990125218546
1,3,2004.1393948280102,1.4022989998408626
1,4,2004.1393187180145,1.4022989465865974
1,5,2004.1391297169507,1.4022988143423016
1,6,2004.138785554609,1.4022985735314535
1,7,2004.1382181487695,1.402298176516833
1,8,2004.1374188751975,1.4022976172640516
1,9,2004.1364544537687,1.4022969424570955
1,10,2004.135080237887,1.4022959809164155
1,11,2004.1336922019393,1.4022950097058169
1,12,2004.1319109560054,1.402293763365668
1,13,2004.1296403088822,1.4022921745908563
1,14,2004.1277984062829,1.402290885809158
1,15,2004.1256483090488,1.402289381383264
1,16,2004.1231454187741,1.4022876301076102
1,17,2004.1202398033354,1.4022855970446235
1,18,2004.1168757184248,1.4022832431899377
1,19,2004.1150026176056,1.4022819325788036
1,20,2004.1108323543713,1.4022790146400725
1,21,2004.108517071655,1.4022773946336768
1,22,2004.1033773399545,1.4022737983565707
1,23,2004.1005318456648,1.402271807360432
1,24,2004.0974876936289,1.4022696773632042
1,25,2004.094233020799,1.4022674000642967
1,26,2004.0907553946618,1.4022649667646636
1,27,2004.0870417944452,1.4022623683536535
1,28,2004.0830785921771,1.402259595295756
1,29,2004.078851533615,1.4022566376172585
1,30,2004.0743457190772,1.402253484892834
1,31,2004.0695455841987,1.4022501262320761
1,32,2004.0644348806436,1.4022465502660018
1,33,2004.0589966568014,1.4022427451335473
1,34,2004.0532132384985,1.4022386984680695
1,35,2004.0532132384985,1.4022386984680695
1,36,2004.0470662097578,1.4022343973838847
1,37,2004.0405363936352,1.4022298284628598
1,38,2004.0405363936352,1.4022298284628598
1,39,2004.0336038331732,1.402224977741085
1,40,2004.026247772499,1.4022198306956484
2,0,2004.1394142079998,1.402299013401067
2,1,2003.832797010607,1.402084472940285
2,2,1997.8008656677707,1.397863922557913
2,3,1985.5680647602096,1.389304615494645
2,4,1972.2343691185467,1.3799750109218596
2,5,1959.6219131553937,1.3711500587112955
2,6,1948.4993732351318,1.3633676027373625
2,7,1938.2257825506574,1.3561791576727171
2,8,1929.2507927521806,1.3498993453749972
2,9,1921.8581550474728,1.3447267069416375
2,10,1914.3188600275441,1.33945145218978
2,11,1908.5900133897132,1.3354429705785689
2,12,1902.813120229459,1.3314008707517215
2,13,1897.0011029768368,1.3273341945507335
2,14,1893.1127697988811,1.3246135226550726
2,15,1889.2172787583006,1.321887842393414
2,16,1885.3176025028831,1.3191592337313682
2,17,1881.4164914226044,1.3164296211204587
2,18,1877.5164798678404,1.3137007778490142
2,19,1875.567621168487,1.3123371588253139
2,20,1871.6735571840375,1.3096124770767281
2,21,1869.728859196534,1.3082517693086424
2,22,1865.8453121715092,1.3055344462905525
2,23,1863.906901940198,1.3041781380738366
2,24,1861.9710085534016,1.302823590896575
2,25,1860.0378250965923,1.3014709398609294
2,26,1858.1075347351223,1.30012031312794
2,27,1856.1803110534318,1.2987718321548707
2,28,1854.2563183938742,1.2974256119322847
2,29,1852.3357121941078,1.296081761220118
2,30,1850.4186393220807,1.2947403827820698
2,31,1848.5052384077242,1.2934015736176867
2,32,1846.5956401705523,1.292065425191587
2,33,1844.689967742438,1.2907320236593056
2,34,1842.7883369849226,1.2894014500893174
2,35,1842.7883369849226,1.2894014500893174
2,36,1840.8908568004745,1.288073780680824
2,37,1838.997629437194,1.2867490869769576
2,38,1838.997629437194,1.2867490869769576
2,39,1837.1087507865225,1.2854274360730868
2,40,1835.2243106735727,1.2841088908199627
3,0,2004.1394142079998,1.402299013401067
3,1,1944.4878717172296,1.360560749790441
3,2,1852.0630972602842,1.2958910121883747
3,3,1801.7082345715098,1.2606576477987423
3,4,1770.2967636109859,1.2386789997939447
3,5,1747.8982972338638,1.2230067630824344
3,6,1731.153127774191,1.2112901457423118
3,7,1717.262320250051,1.2015707292444613
3,8,1706.0073914464874,1.1936956405928199
3,9,1697.2105475427338,1.187540477214552
3,10,1688.5956051966755,1.1815125905981116
3,11,1682.2525625194269,1.1770743552013083
3,12,1676.0098662200198,1.17270633229853
3,13,1669.8666773807329,1.1684079348979317
3,14,1665.826087773147,1.1655807289759748
3,15,1661.8291065386154,1.162784035890638
3,16,1657.875488411469,1.1600176840292067
3,17,1653.9649890312244,1.1572815024123257
3,18,1650.0973649465577,1.1545753206967801
3,19,1648.1795553107165,1.1532334267441111
3,20,1644.375789692317,1.1505719268823371
3,21,1642.4897734170352,1.149252278786333
3,22,1638.749323630357,1.1466350810962174
3,23,1636.8948301684602,1.1453374895546609
3,24,1635.050784455514,1.1440472083169393
3,25,1633.217156658707,1.1427642165089948
3,26,1631.3939170021415,1.1414884932965925
3,27,1629.5810357667976,1.1402200178852946
3,28,1627.7784832904897,1.1389587695204302
3,29,1625.9862299678225,1.1377047274870646
3,30,1624.2042462501468,1.1364578711099693
3,31,1622.4325026455117,1.1352181797535867
3,32,1620.670969718616,1.1339856328219975
3,33,1618.919618090759,1.1327602097588854
3,34,1617.1784184397898,1.1315418900475027
3,35,1617.1784184397898,1.1315418900475027
3,36,1615.4473415000568,1.1303306532106343
3,37,1613.7263580623555,1.1291264788105604
3,38,1613.7263580623555,1.1291264788105604
3,39,1612.0154389738761,1.1279293464490217
3,40,1610.3145551381517,1.1267392357671815
4,0,2004.1394142079998,1.402299013401067
4,1,1790.5927666024925,1.2528801400785003
4,2,1688.8207551048904,1.1816701282883135
4,3,1640.7420681655515,1.148029407097619
4,4,1612.0838786483148,1.1279772337802436
4,5,1592.28563166035,1.1141243740333255
4,6,1577.855906340058,1.1040278760368076
4,7,1566.143205155512,1.0958324834414073
4,8,1556.834078147555,1.089318874893849
4,9,1549.6764438478644,1.084310668655508
4,10,1542.7718554451726,1.0794795189678195
4,11,1537.7570385098131,1.0759706448890067
4,12,1532.8805899362337,1.0725585873369456
4,13,1528.1408316025927,1.0692421721275522
4,14,1525.0561092191683,1.0670837877735369
4,15,1522.0309082010463,1.06496705059798
4,16,1519.0647414161563,1.0628916197539249
4,17,1516.1571244050679,1.060857156264463
4,18,1513.307575373618,1.0588633230175784
4,19,1511.904426516551,1.0578815378962585
4,20,1509.1410819026305,1.0559480219949613
4,21,1507.7807673550797,1.0549962080969748
4,22,1505.1025580396456,1.0531222614772486
4,23,1503.7845454701721,1.0522000463295798
4,24,1502.480516032413,1.0512876151977675
4,25,1501.1904112361462,1.0503849271561256
4,26,1499.9141727549631,1.0494919413935884
4,27,1498.65174242604,1.0486086172135507
4,28,1497.4030622499067,1.047734914033706
4,29,1496.1680743902157,1.0468707913858855
4,30,1494.9467211735127,1.0460162089158962
4,31,1493.7389450890057,1.0451711263833605
4,32,1492.5446887883347,1.0443355036615545
4,33,1491.3638950853413,1.0435093007372473
4,34,1490.1965069558385,1.0426924777105395
4,35,1490.1965069558385,1.0426924777105395
4,36,1489.0424675373793,1.041884994794701
4,37,1487.9017201290283,1.0410868123160124
4,38,1487.9017201290283,1.0410868123160124
4,39,1486.7742081911294,1.0402978907136007
4,40,1485.659875345076,1.0395181905392799
5,0,2004.1394142079998,1.402299013401067
5,1,1664.842978661595,1.1648928462231973
5,2,1572.3981626704062,1.1002090855329678
5,3,1532.3765642148126,1.0722059198693699
5,4,1510.014944504,1.0565594648192782
5,5,1495.3646572298749,1.0463086393303407
5,6,1485.166827125,1.039173204043994
5,7,1477.22747498975,1.0336180287965153
5,8,1471.1586639276406,1.0293716736255223
5,9,1466.6522613710938,1.0262185377636985
5,10,1462.4485004504843,1.0232771606570192
5,11,1459.490312347625,1.0212073125073915
5,12,1456.69589384375,1.0192520541639682
5,13,1454.0625255220625,1.0174094828472002
5,14,1452.3950897890625,1.0162427758473185
5,15,1450.797246857,1.015124763022803
5,16,1449.2682133672813,1.0140548962566047
5,17,1447.8072118788125,1.0130326315721556
5,18,1446.4134708455,1.012057429117628
5,19,1445.74158349775,1.011587308646873
5,20,1444.4472993381876,1.010681696299175
5,21,1443.8247132999688,1.010246072020264
5,22,1442.6281829680624,1.0094088581557785
5,23,1442.0540516269532,1.0090071376928744
5,24,1441.4958854069375,1.0086165880464313
5,25,1440.9535916874688,1.0082371444097293
5,26,1440.427078208,1.0078687422279413
5,27,1439.9162530672813,1.0075113171976406
5,28,1439.4210247226563,1.0071648052663085
5,29,1438.9413019893593,1.0068291426318434
5,30,1438.4769940398126,1.0065042657420682
5,31,1438.0280104029218,1.0061901112942382
5,32,1437.594260963375,1.0058866162345494
5,33,1437.1756559609375,1.0055937177576464
5,34,1436.77210598975,1.0053113533061304
5,35,1436.77210598975,1.0053113533061304
5,36,1436.383521997625,1.0050394605700677
5,37,1436.0098152853436,1.0047779774864964
5,38,1436.0098152853436,1.0047779774864964
5,39,1435.650897505953,1.0045268422389366
5,40,1435.3066806640625,1.0042859932568962
6,0,2004.1394142079998,1.402299013401067
6,1,1570.9146699813787,1.099171083725577
6,2,1495.1737877178332,1.0461750876789302
6,3,1466.8248754305127,1.0263393160506311
6,4,1452.9152058481857,1.0166067017455827
6,5,1444.8847521345779,1.0109877826025722
6,6,1439.9741690583392,1.0075518410936055
6,7,1436.6487713234276,1.0052250558760834
6,8,1434.4748377471324,1.0037039516616628
6,9,1433.1128579471729,1.0027509725843513
6,10,1432.0757859765508,1.0020253319473182
6,11,1431.5055652046467,1.0016263477148875
6,12,1431.1089547504787,1.0013488388526588
6,13,1430.8821302373271,1.0011901294391556
6,14,1430.8233765319317,1.0011490193933545
6,15,1430.8373051608735,1.0011587652735487
6,16,1430.9228247734395,1.0012186034601926
6,17,1431.078855029732,1.0013277780380232
6,18,1431.304326544682,1.0014855407568855
6,19,1431.4427715730026,1.0015824109273177
6,20,1431.770423704842,1.0018116695597061
6,21,1431.9593702485004,1.0019438757075816
6,22,1432.3868579374903,1.0022429894120781
6,23,1432.6251425522903,1.0024097174739455
6,24,1432.8796177734068,1.002587774124584
6,25,1433.1501570026512,1.0027770707830732
6,26,1433.4366343055167,1.0029775193328707
6,27,1433.7389244094284,1.0031890321205894
6,28,1434.0569027019933,1.0034115219547723
6,29,1434.3904452292518,1.0036449021046692
6,30,1434.7394286939273,1.0038890862990113
6,31,1435.1037304536767,1.0041439887247883
6,32,1435.483228519341,1.0044095240260233
6,33,1435.8778015531962,1.0046856073025494
6,34,1436.2873288672015,1.0049721541087842
6,35,1436.2873288672015,1.0049721541087842
6,36,1436.711690421253,1.005269080452507
6,37,1437.1507668214315,1.0055763027936342
6,38,1437.1507668214315,1.0055763027936342
6,39,1437.604439318254,1.0058937380429942
6,40,1438.072589804924,1.0062213035611047
7,0,2004.1394142079998,1.402299013401067
7,1,1504.2665932909729,1.0525373358308634
7,2,1450.1720948557956,1.0146873433361787
7,3,1435.573340234767,1.0044725753131454
7,4,1431.193763516931,1.0014081796593317
7,5,1430.4262605269978,1.000871156796583
7,6,1431.2042278828544,1.0014155015900847
7,7,1432.7678245114757,1.0025095522305385
7,8,1434.6695000593493,1.0038401571403999
7,9,1436.5649533929766,1.0051664083586784
7,10,1438.7796769760914,1.006716053395117
7,11,1440.6430535721552,1.0080198604774637
7,12,1442.6743827755683,1.009441184222531
7,13,1444.8688382353978,1.0109766476261524
7,14,1446.4200932543613,1.0120620628259156
7,15,1448.040364104195,1.013195768494322
7,16,1449.7282895958654,1.0143768122055945
7,17,1451.4825266054615,1.0156042541741466
7,18,1453.3017499531866,1.016877167169912
7,19,1454.2353222619745,1.0175303889559169
7,20,1456.1495793597232,1.0188697971929581
7,21,1457.1299439383415,1.0195557595923919
7,22,1459.1363528476522,1.0209596465745345
7,23,1460.1620835268739,1.021677351694892
7,24,1461.2026243968326,1.0224054195254044
7,25,1462.2578213391303,1.023143742229223
7,26,1463.3275213114975,1.023892212722469
7,27,1464.4115723440113,1.0246507246715848
7,28,1465.5098235353137,1.0254191724906894
7,29,1466.62212504883,1.0261974513389325
7,30,1467.7483281089878,1.0269854571178483
7,31,1468.888284997435,1.027783086468709
7,32,1470.041849049258,1.0285902367698798
7,33,1471.2088746492002,1.0294068061341721
7,34,1472.389217227881,1.0302326934061978
7,35,1472.389217227881,1.0302326934061978
7,36,1473.5827332580143,1.0310677981597238
7,37,1474.7892802506249,1.0319120206950252
7,38,1474.7892802506249,1.0319120206950252
7,39,1476.00871675127,1.0327652620362398
7,40,1477.2409023362554,1.0336274239287222
8,0,2004.1394142079998,1.402299013401067
8,1,1460.8043193065384,1.0221267249240247
8,2,1431.2949401407016,1.0014789730775375
8,3,1431.3151298495504,1.001493099843669
8,4,1436.7264892427647,1.0052794352075998
8,5,1443.2535209920773,1.009846408002811
8,6,1449.6498293848256,1.0143219134915866
8,7,1455.9779881130169,1.0187497345694407
8,8,1461.80746022051,1.022828623955595
8,9,1466.813940407577,1.0263316648005407
8,10,1472.1096280063052,1.030037064456039
8,11,1476.2628045125623,1.032943047580724
8,12,1480.5651315594116,1.035953391537015
8,13,1485.0110529366896,1.0390642086372712
8,14,1488.0520947899288,1.0411920296662258
8,15,1491.1529757347648,1.0433617201871501
8,16,1494.3121522635367,1.0455722002056809
8,17,1497.528107705576,1.0478224085053343
8,18,1500.799351991276,1.050111302482425
8,19,1502.455249019414,1.0512699358351698
8,20,1505.8066902993091,1.0536149437557518
8,21,1507.501878404967,1.0548010691276901
8,22,1510.930311275691,1.0571999481667653
8,23,1512.6632095382804,1.0584124593856585
8,24,1514.4083340036825,1.0596335252949194
8,25,1516.1655153890683,1.0608630274471273
8,26,1517.9345859857024,1.0621008484962569
8,27,1519.7153796515684,1.0633468721925183
8,28,1521.5077318039976,1.0646009833771994
8,29,1523.3114794122955,1.0658630679775067
8,30,1525.1264609903697,1.0671330130014063
8,31,1526.9525165893556,1.068410706532465
8,32,1528.7894877902456,1.0696960377246927
8,33,1530.6372176965149,1.070988896797382
8,34,1532.4955509267488,1.0722891750299506
8,35,1532.4955509267488,1.0722891750299506
8,36,1534.3643336072707,1.0735967647567823
8,37,1536.243413364769,1.0749115593620682
8,38,1536.243413364769,1.0749115593620682
8,39,1538.1326393189229,1.0762334532746476
8,40,1540.031862075032,1.0775623419628495
9,0,2004.1394142079998,1.402299013401067
9,1,1436.8624878658075,1.0053745936250056
9,2,1433.262874419519,1.002855939309557
9,3,1447.8583664567298,1.013068424498354
9,4,1462.7347137763904,1.0234774245017875
9,5,1476.1668869903847,1.0328759339628968
9,6,1487.7985270967408,1.0410146080140859
9,7,1498.5106602460273,1.0485099018245723
9,8,1507.9160868103831,1.0550908912998103
9,9,1515.7306724083683,1.0605587672352392
9,10,1523.7863424741195,1.0661953302933793
9,11,1529.9773044721833,1.0705271546367068
9,12,1536.2894047843388,1.0749437396195047
9,13,1542.7167761380854,1.0794409799034013
9,14,1547.0629198292459,1.082481982423988
9,15,1551.4561348922864,1.0855559208460788
9,16,1555.8948240179677,1.0886616775302747
9,17,1560.3774265074305,1.0917981604535083
9,18,1564.9024178470431,1.094964302911564
9,19,1567.180342714916,1.0965581699709983
9,20,1571.766136975603,1.099766856313791
9,21,1574.0736473974084,1.1013814244246571
9,22,1578.717013680658,1.1046303939882012
9,23,1581.0525235426828,1.1062645533446251
9,24,1583.3970241087457,1.1079050035086209
9,25,1585.750347694285,1.1095516271510781
9,26,1588.1123287168832,1.1112043084137588
9,27,1590.4828036829815,1.1128629329000026
9,28,1592.861611174593,1.1145273876654294
9,29,1595.2485918360176,1.1161975612086437
9,30,1597.6435883605552,1.1178733434619381
9,31,1600.0464454772202,1.1195546257819982
9,32,1602.4570099374548,1.1212413009406035
9,33,1604.8751305018438,1.1229332631153346
9,34,1607.3006579268283,1.1246304078802745
9,35,1607.3006579268283,1.1246304078802745
9,36,1609.7334449514194,1.1263326321967138
9,37,1612.1733462839122,1.128039834403853
9,38,1612.1733462839122,1.128039834403853
9,39,1614.6202185886,1.1297519142095076
9,40,1617.0739204724885,1.1314687726808115
10,0,2004.1394142079998,1.402299013401067
10,1,1429.181219594,1.0
10,2,1451.556444458,1.0156559745938702
10,3,1480.0342413439998,1.0355819269472673
10,4,1503.663915008,1.0521156410347732
10,5,1523.3547473013125,1.0658933425769934
10,6,1539.6608,1.0773027093354788
10,7,1554.240704942,1.087504288213028
10,8,1566.7699579529376,1.0962710232072765
10,9,1577.0182513671875,1.1034417677383033
10,10,1587.4495318814375,1.1107405485865525
10,11,1595.384188094,1.1162924380906816
10,12,1603.4075626953124,1.1219064039694047
10,13,1611.513995456,1.1275784857527005
10,14,1616.96174375,1.131390282478904
10,15,1622.442450944,1.1352251405912692
10,16,1627.954619258,1.139082012091138
10,17,1633.496796992,1.1429598812220902
10,18,1639.067577806,1.146857763966157
10,19,1641.8632671126875,1.1488139114919982
10,20,1647.4744131123125,1.1527400378101282
10,21,1650.289545794,1.1547097898913143
10,22,1655.9381406080001,1.1586621191946653
10,23,1658.7712947265625,1.1606444808991991
10,24,1661.610152342,1.1626308333480817
10,25,1664.4545659611874,1.164621073340177
10,26,1667.3043906560001,1.1666150994690834
10,27,1670.1594840408125,1.1686128121073893
10,28,1673.0197062500001,1.1706141133909314
10,29,1675.8849199154374,1.1726189072030493
10,30,1678.754990144,1.1746270991588448
10,31,1681.6297844950625,1.176638596589436
10,32,1684.509172958,1.1786533085262156
10,33,1687.3930279296874,1.1806711456851078
10,34,1690.281224192,1.1826920204508238
10,35,1690.281224192,1.1826920204508238
10,36,1693.1736388893125,1.184715846861119
10,37,1696.070151506,1.1867425405910508
10,38,1696.070151506,1.1867425405910508
10,39,1698.9706438439375,1.188772018937234
10,40,1701.875,1.1908042008020974
